dxhy.name,force.mean,torque.mean,force.median,torque.median,force.sd,torque.sd,force.max,torque.max,force.skewness,torque.skewness,force.kurtosis,torque.kurtosis,force.IQR,torque.IQR,force.coefficient_of_variation,torque.coefficient_of_variation,spearman.correlation,pearson.correlation
d1h1,214.3571451,13.12429304,250.6761,14.62726,87.24891056,6.665593809,311.9313,311.9313,-1.290475182,-0.602235425,3.36778572,2.779384603,75.36655,6.23321,40.70259031,50.78821229,0.622381624,0.583715947
d1h2,227.138739,16.0115391,264.2845,18.61651,88.47887414,7.940319693,325.6428,325.6428,-1.423323436,-0.819408873,3.788950551,2.505981728,64.64,9.64069,38.9536697,49.59123321,0.71417693,0.622782907
d1h3,230.7699873,16.07010987,268.8206,18.78273,96.86056847,8.215750349,343.4678,343.4678,-1.278268834,-0.77368326,3.426948187,2.290541059,75.9803,12.13397775,41.9727754,51.12441929,0.781244154,0.710478359
d1h4,232.1254401,16.63364087,269.38765,19.28139,113.5635404,8.692528453,381.8601,381.8601,-0.827398575,-0.623691128,2.489545623,2.053339277,130.608575,14.8765915,48.92334955,52.25872386,0.841630166,0.813058509
d1h5,235.1301758,16.98575019,274.4908,19.61383,119.0515796,9.322410857,385.9735,385.9735,-0.761739136,-0.541176648,2.325958982,1.910914237,161.8908,15.957011,50.63219945,54.88371578,0.864339391,0.838573715
d1h6,239.4217885,17.59935458,273.3568,20.94358,120.466646,8.822427516,399.7223,399.7223,-0.744607876,-0.698361043,2.293129783,2.029533473,172.9879,15.292137,50.31565707,50.12926738,0.849128236,0.836038305
d1h7,240.3515215,18.03679593,275.6248,20.94358,122.3570834,9.453034037,396.9428,396.9428,-0.726595484,-0.601710863,2.241345684,1.902064232,175.66335,16.954331,50.90755517,52.40971886,0.867739231,0.851298547
d1h8,244.5590163,17.4846436,286.39815,20.94358,132.3093164,9.758059033,419.6563,419.6563,-0.630380238,-0.492417552,2.028637344,1.712457877,220.713625,18.284082,54.10118112,55.80931048,0.894787888,0.884065407
d1h9,232.4942455,16.56116913,276.7589,19.94627,135.9127315,10.10535087,415.3847,415.3847,-0.519724245,-0.410908491,1.87104931,1.610717132,243.948075,20.444927,58.45853568,61.01834234,0.902863684,0.896066942
d1h10,253.423521,18.32861412,291.5013,22.27333,133.5972885,10.05960343,433.8948,433.8948,-0.588342175,-0.54284325,2.108863855,1.7791504,199.5335,18.616516,52.71700432,54.88469212,0.889850441,0.884329007
d1h11,244.731624,17.37098115,280.161,21.94089,146.1123023,10.57013937,442.4379,442.4379,-0.421278552,-0.415575614,1.804360198,1.553327866,273.4243,20.943578,59.70307391,60.84940905,0.907593644,0.909809907
d1h12,255.2349643,18.17128543,294.9034,23.43686,151.6202793,11.12416381,445.2856,445.2856,-0.456734295,-0.422302028,1.767437759,1.535900781,285.33715,22.107109,59.40419632,61.21836482,0.910923396,0.924827283
d1h13,268.5982925,17.9332556,300.9621,23.60308,153.4653549,10.94142996,472.3387,472.3387,-0.444840847,-0.497813452,1.897302122,1.615652953,262.5433,20.611145,57.13564053,61.01195572,0.906713267,0.913744289
d1h14,277.0843661,20.45013977,310.5601,26.92746,163.1902838,11.80251446,490.8488,490.8488,-0.413870788,-0.468143126,1.778381045,1.591789922,294.91855,22.771983,58.89552199,57.71361268,0.913077389,0.92041426
d1h15,280.5236366,20.57955195,318.7871,27.2599,162.5458159,11.56896868,503.7842,503.7842,-0.41807128,-0.464716452,1.814641417,1.61553952,285.8412,21.608458,57.94371477,56.21584331,0.892076353,0.914442195
d1h16,257.8060758,19.55524231,276.19185,23.93552,176.7035943,12.49270355,502.3256,502.3256,-0.239710077,-0.264285781,1.564224973,1.387046439,358.644925,26.42880325,68.5412839,63.88416647,0.92406929,0.936627779
d1h17,283.416023,21.0106625,318.7871,26.26258,165.7020902,12.00671143,496.5442,496.5442,-0.425568536,-0.459853509,1.790918994,1.603006899,290.1752,23.270644,58.46602758,57.14580121,0.916960677,0.924239473
d1h18,277.7818186,20.61114106,313.3024,26.92746,171.8436662,12.40959849,505.2427,505.2427,-0.359870967,-0.3754173,1.681694204,1.490270198,325.38975,24.932827,61.86281994,60.20820708,0.914054032,0.934964544
d1h19,283.4550794,20.79989792,300.31935,25.26527,181.3043609,12.72107274,527.1215,527.1215,-0.302195758,-0.323178928,1.620310105,1.457619227,361.07028,25.514596,63.96229035,61.15930375,0.920266443,0.937772652
d1h20,288.7592892,21.79721113,311.2457,25.93015,181.8858703,12.78825171,524.2043,524.2043,-0.31206059,-0.325914645,1.624424922,1.496049042,351.1391,25.0159375,62.98875121,58.66921064,0.910438087,0.936161452
d1h21,223.1289097,22.60670412,150.2962,25.59771,227.8647536,15.66626856,592.7578,592.7578,0.429801995,-0.124966781,1.498821673,1.35188066,482.558749,31.91402,102.1224699,69.2992153,0.803006799,0.742531419
d2h1,209.4463244,14.94052011,238.7687,17.28676,100.7347662,7.922006743,355.8082,355.8082,-0.8756484,-0.485932654,2.566407156,1.963158576,120.390825,12.7157455,48.09574316,53.02363429,0.792630621,0.784226562
d2h2,227.0536388,16.62023405,268.8206,19.94627,110.6641015,8.486837063,355.8082,355.8082,-0.934183996,-0.692402677,2.512009219,2.032016226,139.0809,14.294823,48.73918873,51.06328249,0.806970846,0.815946124
d2h3,233.2027898,16.99000188,283.5631,20.61114,121.4994867,8.821357695,396.9428,396.9428,-0.786221562,-0.623800078,2.262006131,1.904627348,171.7329,15.292133,52.10035727,51.92087534,0.841734885,0.843743828
d2h4,242.8008573,17.63401328,282.429,21.60845,125.1282302,8.957411891,408.2654,408.2654,-0.710736049,-0.696013304,2.240971063,1.948624334,176.661225,15.707684,51.53533292,50.79621836,0.854353286,0.855579609
d2h5,235.5312591,17.14152387,272.78975,20.2787,123.7789776,9.049740993,392.8293,392.8293,-0.713388411,-0.616743298,2.176070816,1.831965536,191.145325,16.5387765,52.55309978,52.79426183,0.880947737,0.87675703
d2h6,240.8544105,17.5018706,276.75885,20.61114,125.112334,8.937696998,394.2005,394.2005,-0.720447466,-0.664823387,2.189440674,1.935497492,191.273225,15.541464,51.94521196,51.06709565,0.867028123,0.860761573
d2h7,246.8545439,17.93725491,286.9652,21.94089,134.8309787,9.549151884,425.3517,425.3517,-0.599969168,-0.594619643,2.031751348,1.786783049,224.3929,17.286768,54.61960577,53.23641734,0.880012618,0.878603968
d2h8,239.665306,17.82678027,276.7589,21.94089,133.4476462,9.836661871,412.537,412.537,-0.587164999,-0.529084936,1.982963665,1.70618111,225.9454,18.284074,55.68083611,55.17912783,0.883825911,0.878897209
d2h9,246.2366994,18.50886804,289.2332,22.77199,133.1498109,10.04798136,413.9608,413.9608,-0.645050263,-0.581550409,2.05520382,1.75993867,218.9722,18.782735,54.07390989,54.2873899,0.865279374,0.868746562
d2h10,250.2965085,19.3510438,292.06835,23.93552,136.5788609,10.46245718,432.4709,432.4709,-0.573635677,-0.547719369,2.017684626,1.752008546,221.123325,19.281388,54.56682626,54.06662965,0.88635706,0.880475554
d2h11,250.5883976,19.19904334,290.9343,24.26796,141.6176782,10.5181414,438.1663,438.1663,-0.54924421,-0.503170984,1.9335854,1.635587889,242.02605,19.8631545,56.51406033,54.78471615,0.911663942,0.914518691
d2h12,236.8468844,18.77928501,259.7483,22.93821,161.6040575,11.59989128,470.9149,470.9149,-0.274379365,-0.268786803,1.60711897,1.417689559,324.1846,23.603086,68.23144747,61.76961087,0.909902911,0.922941509
d2h13,267.7069674,22.12912153,300.9621,27.59233,153.5546517,11.57591006,468.0672,468.0672,-0.49293084,-0.492915633,1.883293275,1.653952301,255.1659,21.9408875,57.35922869,52.31075278,0.884942379,0.906527731
d2h14,270.0160965,21.53987948,299.5909,27.2599,158.9564499,11.83980081,478.0341,478.0341,-0.464473234,-0.460024867,1.798268908,1.587651142,276.6666,23.2706385,58.86924964,54.96688513,0.889306865,0.913394553
d2h15,274.1498427,21.86965551,303.0188,27.75855,164.01348,11.86486337,496.5442,496.5442,-0.401974351,-0.453410998,1.786484067,1.578725566,301.29055,23.18753175,59.82621706,54.25263039,0.896062529,0.912314192
d2h16,274.3418735,21.22110521,296.0374,27.59233,160.5231522,11.8310485,496.5442,496.5442,-0.447584369,-0.441367046,1.797902351,1.59573263,281.004825,23.0213175,58.51208572,55.75133048,0.885376303,0.914375224
d2h17,240.1811549,18.57557982,260.8824,19.44761,178.0575945,13.30776158,496.5442,496.5442,-0.103084513,-0.031334914,1.424419355,1.29665958,386.169845,28.257205,74.13470661,71.64116387,0.912455955,0.933016011
d2h18,239.9197474,18.90847079,259.7483,19.94627,185.5143418,13.32317209,516.9114,516.9114,-0.081046281,-0.063917818,1.401649611,1.294469738,408.55904,27.924769,77.32349828,70.4613939,0.894270554,0.93060479
d2h19,262.3910419,21.17157276,269.9547,22.60577,192.7154121,13.82791462,531.4972,531.4972,-0.108082188,-0.076362903,1.453761487,1.381505664,414.35989,27.924773,73.4458809,65.31359184,0.899390283,0.926750735
d2h20,149.4753749,17.51164804,19.99224,9.308257,203.5035438,16.9423895,582.5477,582.5477,1.064482974,0.596856325,2.433478242,1.744774887,271.020324,33.659323,136.1451971,96.74925779,0.812190956,0.734661717
d3h1,214.3571451,13.12429304,250.6761,14.62726,87.24891056,6.665593809,311.9313,311.9313,-1.290475182,-0.602235425,3.36778572,2.779384603,75.36655,6.23321,40.70259031,50.78821229,0.622381624,0.583715947
d3h2,232.4178405,17.63178011,266.5525,19.61383,97.41246481,8.457966378,359.9216,359.9216,-1.048835731,-0.841501489,3.063925656,2.611884525,108.8054,10.63801,41.91264518,47.97000827,0.775412451,0.727866941
d3h3,241.356333,18.42706088,273.3568,21.442235,107.7361294,8.858941304,379.1178,379.1178,-0.898549768,-0.87132382,2.739302341,2.485664522,132.051025,12.3002,44.63778846,48.07571519,0.792335618,0.774443017
d3h4,240.9964024,18.95606328,275.6248,21.60845,111.023668,9.204782155,375.0043,375.0043,-0.865519188,-0.791892576,2.610559745,2.394572157,133.1114,11.96776,46.06859974,48.55851142,0.794420969,0.763074489
d3h5,248.2163874,19.50360805,283.5631,22.27333,112.9095617,9.261139863,381.8601,381.8601,-0.847763906,-0.819673853,2.552062845,2.423396353,152.8682,12.300195,45.48835912,47.484239,0.798452952,0.797065251
d3h6,244.5567724,19.93211889,273.9238,22.93821,109.4439755,9.3765657,385.9735,385.9735,-0.84508577,-0.804926239,2.615833426,2.391668972,145.4198,13.4637275,44.75197085,47.04249332,0.843288388,0.805967847
d3h7,247.0958241,21.0769097,276.7589,25.26527,114.3749183,9.504168698,391.4582,391.4582,-0.702005363,-0.875378016,2.429869326,2.507520203,168.81935,12.63264,46.28767757,45.09279981,0.786744591,0.762828185
d3h8,250.7104524,20.55278813,282.99605,24.26796,112.9522628,9.357624166,394.2005,394.2005,-0.778390665,-0.912954215,2.561438348,2.500088364,160.18875,12.0508675,45.05287343,45.52970675,0.823469704,0.811075597
d3h9,250.1588846,20.51193198,279.0269,24.93283,119.535237,9.889791417,401.1462,401.1462,-0.679296055,-0.787963323,2.348678013,2.279901801,177.1072,14.62726,47.7837264,48.21482163,0.820208416,0.819570091
d3h10,252.2766355,20.36093839,283.56305,25.09905,118.2477541,9.526979175,409.6893,409.6893,-0.670290933,-0.902563795,2.410958139,2.387983532,175.734675,14.0454925,46.87225746,46.790472,0.868655534,0.841896814
d3h11,277.0529966,22.06036191,309.189,27.59233,134.8243304,10.41312328,439.5902,439.5902,-0.599298733,-0.885589356,2.152783932,2.342815785,215.573,14.9597,48.66373297,47.20286693,0.835949667,0.835682542
d3h12,290.6256814,23.69390148,328.3851,29.25452,143.2528547,11.17767864,468.0672,468.0672,-0.566320022,-0.844396178,2.099649093,2.270652714,241.665125,17.45298,49.29118927,47.17534025,0.854902769,0.866232983
d3h13,288.6281813,23.46356011,324.2717,28.92209,141.3065788,10.97005237,460.9479,460.9479,-0.578630383,-0.844821108,2.111985142,2.285952322,233.1754,16.28945,48.95799786,46.75357156,0.862333431,0.869561113
d3h14,291.349469,23.70366477,320.1582,29.58696,146.0575208,11.27460294,479.458,479.458,-0.498001666,-0.811528011,2.048361984,2.218334994,247.97455,16.954325,50.1313839,47.56480929,0.859191313,0.86568118
d3h15,296.2545879,23.92025361,309.87455,29.25452,150.2636355,11.3969732,485.1534,485.1534,-0.472456132,-0.797016753,2.02064682,2.17806804,259.2273,19.03206,50.72111676,47.64570388,0.889246729,0.879526222
d3h16,299.1288751,23.89018592,314.6736,29.58696,154.5850379,11.51430849,495.1204,495.1204,-0.416779833,-0.733043308,1.985708033,2.101485082,268.793875,18.78274,51.67840711,48.19681405,0.907729513,0.891682654
d3h17,313.8428779,24.14391249,337.9832,29.58696,164.2199156,11.5999108,532.9558,532.9558,-0.452341272,-0.748278788,1.929325698,2.084065018,284.7366,18.94895,52.32551929,48.04486764,0.904941417,0.904692776
d3h18,304.5100371,25.18378962,326.3284,31.24915,162.3204413,12.35475361,505.2427,505.2427,-0.434733455,-0.671745989,1.863437932,2.003683455,285.359725,20.36181,53.30544859,49.05835777,0.906665121,0.903594686
d3h19,340.0742185,27.9247717,365.4063,32.74512,183.6154833,13.0789469,566.5032,566.5032,-0.381414132,-0.792860709,1.743924497,2.318777868,333.563725,17.28676,53.99276785,46.83636107,0.894780616,0.86716273
d3h20,311.2717143,25.92349645,231.9645,15.62457,281.6211397,26.09818159,909.1596,909.1596,0.381834665,0.909331612,1.632302921,2.406245643,593.16462,36.817481,90.47437551,100.6738487,0.857010787,0.81768383
d4h1,227.2272141,13.51757491,249.6924,14.9597,113.2440002,7.865974288,383.1445,383.1445,-0.732066979,-0.336293464,2.379877671,1.929612783,147.3078,13.629953,49.83734042,58.19072089,0.819841206,0.782157878
d4h2,252.4276409,15.87762466,291.6516,18.94895,129.4813366,8.770453541,418.0929,418.0929,-0.757010585,-0.653740576,2.263030878,1.940626483,199.7835,15.957012,51.29443675,55.23781882,0.818002616,0.826708886
d4h3,246.4206149,16.21037524,293.3527,19.94627,131.249196,9.323103627,418.0929,418.0929,-0.686623285,-0.578359043,2.11225195,1.806441243,211.557275,17.3698765,53.262263,57.51318824,0.858187197,0.844923082
d4h4,263.2563081,17.53815948,293.9197,21.27602,135.9136354,9.507634459,428.0599,428.0599,-0.629462994,-0.660600358,2.13221219,1.928243591,225.9632,15.957013,51.62787414,54.21113014,0.842332161,0.850548092
d4h5,261.5978959,17.41348513,297.88885,21.60845,131.5641374,9.510833398,419.5168,419.5168,-0.718066362,-0.660181757,2.226859579,1.930044092,194.402175,16.37255975,50.29250599,54.61763297,0.855354475,0.852702693
d4h6,257.2852359,17.00522546,298.4559,21.27602,139.1089693,9.901462346,438.0268,438.0268,-0.583692115,-0.547864226,1.99900905,1.737640179,227.2006,18.284077,54.06799532,58.22599863,0.855825526,0.865576661
d4h7,265.1676729,17.60956536,307.7311,21.94089,138.7916928,9.905009321,438.0268,438.0268,-0.606778181,-0.615844743,2.085703801,1.865271309,223.28185,16.9543285,52.34110602,56.2478921,0.875019614,0.867288338
d4h8,271.8170916,18.29195434,313.2157,23.93552,146.8355573,10.65379925,456.5369,456.5369,-0.548141765,-0.54683417,1.994477647,1.716528811,239.53,19.946262,54.01998692,58.243089,0.913052033,0.90015582
d4h9,283.4418613,19.20209294,311.84455,25.09905,162.4708407,11.2124874,496.4047,496.4047,-0.420753323,-0.504443114,1.846044593,1.653356637,277.097525,21.276014,57.32069356,58.3920067,0.899961587,0.900178835
d4h10,288.3861497,19.51332345,321.4426,24.93283,160.0939953,11.21830089,494.9809,494.9809,-0.469293779,-0.545244904,1.889691264,1.707969199,257.05195,20.444927,55.51376008,57.49046757,0.885915543,0.897073196
d4h11,288.1777167,19.41915705,313.90125,25.26527,167.1515497,11.33067528,505.0685,505.0685,-0.407546739,-0.48879841,1.802302222,1.62466547,289.596425,21.608452,58.00294056,58.34792546,0.900023424,0.90684826
d4h12,297.9713137,19.91346914,326.9272,25.59771,174.6179479,11.77862015,525.4887,525.4887,-0.3927788,-0.452570251,1.758497927,1.584935844,301.89495,22.439553,58.60226802,59.14901152,0.907222159,0.92023623
d4h13,251.815275,17.17968607,266.7029,18.28408,193.8676969,13.35895522,521.113,521.113,-0.067771046,-0.059942995,1.405457309,1.285130987,429.572975,28.090991,76.98806072,77.7601824,0.900641105,0.937410614
d4h14,312.6607573,20.94951521,334.46855,27.426115,184.4211643,12.57227066,545.9089,545.9089,-0.346454406,-0.439411099,1.710359412,1.592145432,329.3707,23.43685975,58.98442962,60.01222717,0.902006255,0.91212234
d4h15,325.7011161,22.37659784,346.1233,25.93015,201.1187934,12.42995201,588.2078,588.2078,-0.299252807,-0.495433373,1.621920796,1.793862925,369.42285,22.60576,61.74949469,55.54889129,0.890145215,0.885409877
d4h16,515.2231838,40.58430878,589.6664,43.54935,243.618386,27.93030306,846.038,846.038,-0.52536112,-0.066854108,1.952869271,1.597283629,455.0552,54.18735,47.28404964,68.82044786,0.944134046,0.952719562
d5h1,206.9217106,12.83360867,224.1766,14.9597,97.39362475,7.255808417,354.3503,354.3503,-0.795047213,-0.332162518,2.579899317,1.987568207,96.225225,11.38599225,47.06786178,56.53755389,0.734923977,0.696335091
d5h2,242.7500065,16.00332212,290.5176,18.94895,117.4620355,8.8056512,401.0067,401.0067,-0.853305574,-0.618119486,2.477076257,1.993061105,147.1858,14.959696,48.38806688,55.02389525,0.83617288,0.809418581
d5h3,246.7626732,15.93144056,289.9506,19.28139,130.4675817,9.062886483,408.126,408.126,-0.670319322,-0.559108355,2.151648517,1.829912385,198.966975,16.7049965,52.87168436,56.88679845,0.879797936,0.844280441
d5h4,245.2808165,16.43329362,288.81655,19.28139,130.2397292,9.545697413,422.3645,422.3645,-0.624187845,-0.503207526,2.145040994,1.818977669,195.008975,17.619197,53.0982125,58.08754858,0.863718293,0.851642875
d5h5,252.2486798,16.58371362,297.3218,19.61383,136.9594056,9.430780768,426.636,426.636,-0.574195317,-0.543239883,2.045616565,1.809379121,220.3448,17.286759,54.29539045,56.86772567,0.86256142,0.857210013
d5h6,255.6673604,16.99250069,297.3218,20.2787,137.8030215,9.796323055,433.7553,433.7553,-0.560372501,-0.512762395,2.040757174,1.762568658,220.2228,18.616517,53.89934063,57.65086159,0.868669493,0.858506238
d5h7,247.7283696,16.60455718,284.8474,19.61383,134.2918715,9.565354406,429.4837,429.4837,-0.53700214,-0.49613454,2.045860767,1.767074587,207.25495,17.78542,54.20932281,57.60680219,0.881528729,0.866685767
d5h8,255.9397113,17.2820146,293.3527,20.94358,136.0052872,9.801323846,430.9076,430.9076,-0.559233761,-0.531687532,2.042506958,1.819434562,219.6012,17.28676575,53.13957983,56.71401207,0.890181706,0.867438948
d5h9,258.8685623,16.99022284,289.3836,21.27602,141.9278313,9.957295799,442.2984,442.2984,-0.50640233,-0.508659381,1.975139655,1.701802066,231.314,18.284077,54.82621375,58.60603416,0.911408529,0.885244363
d5h10,253.6789458,17.13263385,294.4867,21.442235,147.9065793,10.68979541,445.1461,445.1461,-0.466314543,-0.448300309,1.848854268,1.586369107,262.34055,21.3591255,58.3046334,62.39434931,0.924231077,0.910914169
d5h11,277.3690883,17.65481966,314.58685,23.60308,162.6268739,11.1240126,489.2855,489.2855,-0.416334073,-0.46060854,1.80285921,1.550650501,282.86925,21.608458,58.63193874,63.00836156,0.921378705,0.916974479
d5h12,276.7853785,18.2740465,299.5899,23.436865,175.1970254,12.01744162,515.2786,515.2786,-0.307965332,-0.350743727,1.672673498,1.451753214,341.37517,24.600391,63.29706663,65.76234562,0.915383224,0.925593335
d5h13,282.4653935,18.73074457,304.9888,25.59771,171.2949011,11.74052845,507.9857,507.9857,-0.372370868,-0.42327712,1.711093777,1.516230958,324.33925,22.93821,60.64279204,62.68052189,0.906132932,0.921513988
d5h14,274.6678387,18.28830279,284.84745,22.43955,177.598183,12.09504675,513.82,513.82,-0.265892012,-0.305601773,1.626696246,1.449537738,348.94726,24.35106325,64.65925674,66.13542489,0.908360115,0.927112657
d5h15,286.5240722,19.21170879,296.1878,23.93552,177.4437784,12.14485777,509.4443,509.4443,-0.334647061,-0.387642958,1.645577695,1.503212299,345.4125,23.603083,61.92979774,63.21591639,0.880162703,0.913172245
d5h16,291.2374113,19.97105251,311.15895,25.93015,178.2795404,12.12115181,510.9029,510.9029,-0.35132147,-0.398264868,1.661478489,1.526624206,335.956925,23.603077,61.21450523,60.69360541,0.901142052,0.924419591
d5h17,293.7229014,19.66713026,310.4734,24.26796,188.9413488,12.67515426,534.2402,534.2402,-0.284870848,-0.319194109,1.587982155,1.464450925,379.1048,24.93283,64.32639332,64.44841768,0.911850067,0.93282863
d5h18,309.0827065,21.0645917,311.8445,24.93283,198.9791675,13.26795827,570.7048,570.7048,-0.237624273,-0.278453507,1.567414693,1.487223295,387.07265,26.262579,64.37732144,62.98701852,0.913411821,0.93931415
d5h19,404.8983223,44.83715421,408.8379,46.37507,171.5384484,19.19779154,720.3225,720.3225,-0.131884691,-0.517394574,2.491563076,3.174675311,245.662325,16.95433,42.36580864,42.81670388,0.391165154,0.572642871
d6h1,187.8530473,11.09273581,215.6713,11.80154,72.24598879,5.634528726,276.9092,276.9092,-1.625798059,-0.029131615,4.252132579,3.157095871,18.1445,4.321691,38.45877926,50.79476175,0.643303557,0.566663776
d6h2,246.3411564,15.58341603,295.6208,18.78273,128.5209487,8.661006936,408.126,408.126,-0.767426991,-0.517227847,2.180904227,1.902983116,193.823675,15.12591825,52.17193529,55.5783592,0.774621838,0.76113798
d6h3,263.6441668,16.73426146,311.8445,19.28139,146.4605901,9.913777728,453.6892,453.6892,-0.597212795,-0.454354605,1.943407635,1.688847875,251.9974,18.948955,55.55237268,59.24239769,0.825918041,0.822323035
d6h4,270.6966931,17.0421395,311.15895,20.2787,150.2784233,9.627761779,466.5039,466.5039,-0.546391009,-0.501265623,1.929415845,1.706967231,259.3026,18.616517,55.51542633,56.49385616,0.810076912,0.825912784
d6h5,272.9029102,17.22717555,311.84455,20.94358,150.9865967,9.694768599,459.3846,459.3846,-0.562846403,-0.499555141,1.934778923,1.707426395,253.8102,18.6996285,55.32612187,56.27601907,0.840604884,0.851082661
d6h6,269.0160906,16.7228621,305.67435,20.94358,149.5074819,9.7894924,475.047,475.047,-0.538186786,-0.469300062,1.934888561,1.68398001,252.935725,18.616513,55.57566522,58.539575,0.84874091,0.852952328
d6h7,265.940034,16.83080522,301.1553,20.77736,152.3647075,9.983006659,467.9277,467.9277,-0.487027428,-0.445854785,1.861662851,1.666656957,266.6733,19.36449925,57.2928811,59.31389811,0.859167596,0.858724745
d6h8,276.2073458,16.94973015,313.2157,21.60845,156.4974485,9.833146239,477.8947,477.8947,-0.495683456,-0.494603388,1.88652752,1.666739473,272.9377,18.616515,56.65940856,58.01358577,0.847175824,0.856621256
d6h9,275.9108012,17.46468826,313.2157,22.27333,149.8304896,9.98036936,472.1993,472.1993,-0.570081409,-0.544805782,1.985592918,1.727135208,245.6347,18.616517,54.30395944,57.14599203,0.839628346,0.84752788
d6h10,288.1742317,18.56595953,325.556,23.60308,163.0396857,10.93545786,497.8286,497.8286,-0.473264387,-0.498358921,1.87836653,1.667252822,278.8996,19.946264,56.57677467,58.90058009,0.896922095,0.888929152
d6h11,296.8355795,18.94293534,325.556,24.60039,172.4150653,11.28135098,521.113,521.113,-0.416885289,-0.475813321,1.808016449,1.613016836,306.9853,20.943582,58.08436631,59.55439733,0.880033776,0.888073555
d6h12,286.7666618,18.17763844,301.56085,23.27064,175.712944,11.50290317,521.113,521.113,-0.346755828,-0.393235189,1.714609115,1.52484285,332.838,22.3564395,61.27383946,63.28051473,0.890663561,0.900487059
d6h13,300.0513519,19.44611152,322.12815,24.26796,176.0298305,11.38350455,540.0745,540.0745,-0.377520236,-0.477365062,1.803690952,1.610153158,294.46405,22.439546,58.66656804,58.53871885,0.881588614,0.892573253
d6h14,305.0205851,19.55392891,324.87045,24.93283,179.7695252,11.6627049,545.9089,545.9089,-0.347198972,-0.460675546,1.751636477,1.596510805,309.3833,22.522659,58.93685016,59.6437931,0.891019323,0.901503628
d6h15,304.6346413,19.87799719,316.64355,25.43149,181.271545,11.70525236,541.5331,541.5331,-0.350152458,-0.467379996,1.75208119,1.592071066,322.086875,23.0213185,59.50457382,58.88547144,0.878320251,0.894863675
d6h16,306.2035616,19.92303824,325.556,24.60039,187.2144142,12.30316952,547.3675,547.3675,-0.351631027,-0.39362297,1.683335405,1.522353187,347.1917,24.267955,61.14050836,61.75348043,0.886562565,0.910459858
d6h17,307.5194942,20.73070187,329.6695,26.096365,182.943611,12.29369417,542.9917,542.9917,-0.387044648,-0.423439167,1.736912108,1.583331794,324.845775,24.01863125,59.49008581,59.30187144,0.879286407,0.89743299
d6h18,182.6999154,27.13169157,28.72343,24.60039,215.8654864,14.52588548,592.5835,592.5835,0.792062811,0.295468744,1.9431445,2.623017569,370.65037,17.6192,118.1530303,53.53844394,0.416495287,0.369241817
d7h1,161.5720307,10.34337317,180.7348,10.97045,66.2529344,5.610613622,281.4453,281.4453,-1.204452616,0.094874382,3.814075646,2.861847984,32.5181,5.983885,41.00520004,54.24355797,0.734681295,0.68033374
d7h2,217.7861665,14.3213013,275.20815,17.95164,129.9706498,9.318029401,379.031,379.031,-0.662064031,-0.315000166,1.856245053,1.62315817,234.31488,17.951637,59.67810165,65.06412514,0.803100428,0.787471853
d7h3,239.8634198,15.73538706,284.8474,19.44761,133.523366,9.698345817,410.9737,410.9737,-0.678446,-0.464936468,2.054033277,1.610587142,217.81295,19.0320655,55.66641472,61.6339832,0.842956998,0.825428962
d7h4,231.6468876,15.68951602,279.1773,18.94895,131.7709234,9.270671065,388.6291,388.6291,-0.644582398,-0.461886963,1.944507076,1.662583506,226.68315,17.785419,56.88439191,59.08831765,0.841114822,0.85781862
d7h5,239.7726879,16.23973988,282.5794,19.44761,136.9021646,9.487499667,420.9406,420.9406,-0.556795076,-0.470995383,1.935473024,1.646493219,228.49305,18.61651,57.09664672,58.42150019,0.859319329,0.856209557
d7h6,244.0245413,16.64793163,283.7134,20.2787,142.0563578,10.06072291,426.636,426.636,-0.542491815,-0.435100496,1.847829631,1.603375168,246.6288,19.946268,58.21396367,60.43226948,0.883404178,0.877843675
d7h7,241.60453,16.46695142,281.4453,19.61383,146.8221056,10.16424193,442.2984,442.2984,-0.455993714,-0.362079998,1.800582973,1.56728778,269.88201,20.611144,60.76959965,61.72509815,0.873222259,0.869305946
d7h8,242.4724701,16.72766363,283.1464,19.78005,143.7346114,10.13942586,435.1791,435.1791,-0.49530862,-0.408612333,1.830552185,1.614260603,254.35315,20.1124875,59.27873435,60.61471637,0.889244621,0.882147142
d7h9,251.3046689,16.77975795,285.9815,19.94627,146.6743005,10.26344065,447.9938,447.9938,-0.478339305,-0.398383641,1.860998343,1.574465942,258.7803,20.444927,58.36513151,61.16560607,0.895869836,0.892893866
d7h10,257.289321,17.62839333,292.7857,21.60845,146.6687509,10.26562254,449.4176,449.4176,-0.498069161,-0.470026665,1.889544028,1.60613922,256.9823,20.278703,57.00537838,58.23345525,0.878174325,0.886110905
d7h11,263.4689894,17.78088735,293.91975,22.60577,153.2050751,10.45679688,469.3516,469.3516,-0.441591165,-0.458176126,1.814695506,1.615583355,277.676925,20.029375,58.14918691,58.80919594,0.879079331,0.884612574
d7h12,261.084294,17.97983702,288.24955,22.77199,156.5916351,10.89425238,466.5039,466.5039,-0.38638421,-0.419878343,1.761550243,1.540849986,287.8978,21.60845,59.97742441,60.59149682,0.898692213,0.906360085
d7h13,276.7409022,19.15539767,295.0538,24.26796,160.8169684,11.08101436,496.4047,496.4047,-0.387675278,-0.468301381,1.813452917,1.613892142,280.76885,21.1098005,58.11102266,57.84799959,0.895995372,0.893871331
d7h14,275.5374817,19.09587781,311.8445,24.76661,160.0287225,11.12400845,473.6231,473.6231,-0.470433771,-0.441272287,1.79692867,1.569598274,287.799275,21.3591285,58.07874905,58.25345429,0.8841326,0.9048037
d7h15,283.4683916,19.19244856,315.2724,25.09905,171.8217062,11.46065086,509.4443,509.4443,-0.408070315,-0.448505868,1.723980754,1.538176191,323.32475,22.938203,60.61406184,59.71437579,0.878874489,0.912825444
d7h16,277.4504332,19.09038435,310.47335,24.93283,167.02225,11.36691857,490.7093,490.7093,-0.440634692,-0.433595677,1.73008433,1.524411351,313.010875,22.605773,60.19895089,59.54263866,0.873752523,0.913169221
d7h17,291.2208205,19.61382778,326.92715,25.09905,171.7098738,11.46037622,516.7372,516.7372,-0.408762879,-0.456975906,1.741485255,1.560135749,321.077325,22.439548,58.96208708,58.43008489,0.892579177,0.920119895
d7h18,291.5081205,19.95207254,322.8137,26.26258,178.9445709,11.73471036,541.5331,541.5331,-0.336112186,-0.401348153,1.703228823,1.528146798,329.5364,23.603085,61.3857928,58.81449325,0.880427696,0.907876894
d7h19,291.0185937,20.15807185,314.5868,24.60039,186.4474027,12.51020924,542.9917,542.9917,-0.305295357,-0.299691929,1.60612845,1.458627867,375.39071,24.600395,64.06717877,62.06054496,0.910867032,0.927699603
d7h20,310.9897714,21.85742883,332.4118,26.26258,192.1255832,12.48386236,561.9533,561.9533,-0.307474089,-0.336657097,1.629991444,1.560966744,360.9319,23.270645,61.77874674,57.11496287,0.889401571,0.917946656
d7h21,230.2845197,32.51285308,96.80859,33.57621,215.9999024,15.70212511,649.1706,649.1706,0.812251665,-0.337864064,1.97854546,3.012396806,369.61412,12.3002,93.79697025,48.29513137,0.464101198,0.408034906
d8h1,260.0741438,13.78648443,313.90125,16.45567,132.0647586,8.614434443,438.0268,438.0268,-0.809104936,-0.427506616,2.297621802,1.804288317,189.12945,16.20634175,50.77965714,62.48463478,0.782689476,0.759114829
d8h2,263.615843,14.50909662,307.7311,17.28676,144.2122394,9.339085236,450.8415,450.8415,-0.613935835,-0.381397242,2.004277992,1.651982648,241.78355,17.6192035,54.70545237,64.3671035,0.821708594,0.817878583
d8h3,270.3331933,14.71037075,309.10225,17.6192,139.9027956,8.973309497,447.9938,447.9938,-0.683366506,-0.529042529,2.165188182,1.786789533,219.047975,16.28945,51.75198574,60.99988674,0.822237015,0.817851468
d8h4,270.2203981,14.73754891,313.2157,18.28408,148.0800873,9.268846044,460.8085,460.8085,-0.588284044,-0.40616129,1.98253914,1.613954639,248.597,18.6165115,54.79974432,62.89272455,0.815312727,0.837759577
d8h5,260.3117343,14.41419907,291.65165,17.45298,155.1255021,9.685805351,452.2653,452.2653,-0.489427452,-0.355885965,1.795309226,1.544280296,288.3451,19.946262,59.59220492,67.19627851,0.846346269,0.854913829
d8h6,261.3683887,14.56850494,297.3218,17.28676,149.5627073,9.451604338,452.2653,452.2653,-0.500072212,-0.381575403,1.869314266,1.649862707,265.64495,18.4503,57.22295188,64.87696834,0.843766957,0.844349173
d8h7,261.572652,14.7491555,296.1878,17.95164,141.1619125,9.179342275,440.8745,440.8745,-0.587326868,-0.465463177,2.024731526,1.738155504,231.658325,16.8712165,53.96661746,62.23639226,0.812810781,0.81725811
d8h8,254.2657349,14.54876886,288.81655,18.28408,144.1950244,9.460174984,443.7222,443.7222,-0.54014555,-0.408761713,1.926210843,1.605834465,250.032175,18.450298,56.71036426,65.02388674,0.8461198,0.850957797
d8h9,262.5931618,15.10390744,300.8753,18.94895,151.0832926,9.70802524,465.08,465.08,-0.520565091,-0.424057259,1.880555111,1.59030797,263.83805,19.613827,57.53512069,64.27492541,0.863397322,0.866666716
d8h10,264.6514722,15.24088033,291.6516,18.94895,163.7039827,10.02018125,476.4708,476.4708,-0.39941237,-0.392401873,1.722839019,1.491565079,307.15585,20.611145,61.85644136,65.74542302,0.858888244,0.869186144
d8h11,272.9210121,16.03283168,297.3218,20.77736,163.4298195,10.24860873,485.0139,485.0139,-0.423260644,-0.392731683,1.747085679,1.51725342,301.282125,20.3618105,59.8817285,63.92263657,0.855269483,0.876313646
d8h12,288.2432883,17.04538487,296.7548,22.27333,179.2768392,11.40442509,519.6544,519.6544,-0.330106503,-0.367606908,1.688329761,1.453935808,346.609475,23.5199675,62.19636204,66.90623397,0.892287996,0.901760022
d8h13,282.8659411,17.29808059,288.2495,21.27602,181.5794192,11.6770093,534.2402,534.2402,-0.279910233,-0.313475355,1.660493801,1.438133691,354.13482,23.935517,64.19274746,67.50465313,0.886118204,0.896241734
d8h14,286.8237204,17.53818702,289.95055,21.442235,189.718204,12.03621484,547.3675,547.3675,-0.238364292,-0.270892362,1.611203705,1.401403449,380.07168,24.600397,66.14453078,68.62861493,0.888448235,0.903387568
d8h15,283.7481233,17.40173148,295.0538,21.1098,186.0257399,12.25811995,542.9917,542.9917,-0.256677898,-0.269109516,1.631974555,1.394193987,361.0256475,25.34838425,65.56016573,70.44195553,0.918677062,0.918258627
d8h16,294.2075033,18.30911393,295.0538,22.27333,192.026562,12.22591684,561.9533,561.9533,-0.237587273,-0.30221959,1.610112175,1.429125043,380.186035,24.267958,65.26909061,66.77503285,0.900627333,0.907863459
d8h17,293.4720137,18.67330615,297.88885,22.938205,190.5409238,12.89793692,537.1574,537.1574,-0.283698584,-0.274039098,1.605301991,1.404672966,392.3827975,25.930149,64.9264376,69.07152281,0.878854608,0.909611724
d8h18,294.7691072,19.98652177,292.7857,21.94089,206.6797781,12.85577569,566.329,566.329,-0.170975958,-0.305758624,1.503994064,1.568219716,429.3609225,24.43417075,70.11582049,64.32222595,0.855675191,0.860842911
d8h19,492.1258665,43.91600572,559.0361,46.54129,201.0363645,22.49778596,770.3161,770.3161,-0.824814251,-0.38563075,2.782319498,2.67685259,300.47455,22.6888775,40.85059904,51.22912613,0.546127072,0.713791493
d9h1,232.7422045,16.15928985,266.7029,18.28408,99.41280668,8.764713016,357.0926,357.0926,-1.084328698,-0.613130326,3.024678549,2.250361296,100.8504,11.96776,42.71369986,54.23946904,0.848061917,0.812572395
d9h2,245.8999827,18.17150521,285.9815,21.27602,108.7121649,10.14524417,391.3714,391.3714,-0.946613547,-0.601041522,2.730653755,2.014523575,139.2146,16.621887,44.20991158,55.83051076,0.8947573,0.842385482
d9h3,252.7509066,18.79926833,284.8474,22.27333,117.5209866,10.66425592,423.7883,423.7883,-0.774812021,-0.601236112,2.444442179,1.954017355,171.9945,17.7854175,46.49676163,56.72697329,0.909113396,0.875616092
d9h4,255.0363272,18.59227445,289.3836,22.60577,119.8854719,10.60944123,401.0067,401.0067,-0.759585809,-0.608908181,2.383498547,1.887827761,175.017125,18.0347465,47.00721393,57.06370816,0.92878031,0.888994366
d9h5,261.5473407,18.86411178,289.38355,22.77199,122.3218569,10.9172977,410.9737,410.9737,-0.728643867,-0.572825293,2.360966641,1.870614288,185.36615,19.0320645,46.76853399,57.87337265,0.928302299,0.899330668
d9h6,255.5845467,18.25983647,294.48675,21.77467,119.3577448,10.54626247,402.4306,402.4306,-0.761064695,-0.584799652,2.372807521,1.889809657,178.662875,18.200964,46.69990669,57.75660964,0.932595436,0.897900939
d9h7,259.667556,18.90611254,299.0229,23.43686,125.6029447,10.90040421,409.5498,409.5498,-0.712559748,-0.637683725,2.237783577,1.892955249,197.2649,17.6192,48.37067312,57.65544974,0.939238565,0.906141484
d9h8,253.5326433,18.71247608,287.1155,22.10711,121.6873717,10.71817377,409.5498,409.5498,-0.706130988,-0.607329036,2.280830153,1.917389858,188.756125,17.70230775,47.99672741,57.27822296,0.932493656,0.892949113
d9h9,252.6729184,18.11287113,288.2495,22.10711,127.5350959,11.21562846,418.0929,418.0929,-0.629202553,-0.501248219,2.199005644,1.735211799,192.181125,20.694249,50.47438273,61.92076551,0.942805485,0.917306924
d9h10,255.4325089,18.83210522,295.6208,22.27333,132.928559,11.41445997,438.0268,438.0268,-0.567874646,-0.533318655,2.098595462,1.772702867,214.552325,20.9435775,52.04057995,60.61170452,0.93841214,0.910334784
d9h11,258.6183414,19.55201801,297.3218,23.60308,128.4970284,11.52238081,423.7883,423.7883,-0.619259395,-0.578575104,2.162350779,1.82288018,197.60475,19.780044,49.68596878,58.93192613,0.943773257,0.915226356
d9h12,254.0324516,19.29274177,296.1878,23.93552,134.1283703,11.72938253,423.7883,423.7883,-0.563496546,-0.519017378,2.044077348,1.738637245,211.7461,21.608454,52.79969921,60.79686685,0.938932205,0.912124085
d9h13,263.853055,19.96885863,302.28935,24.600395,140.9024279,12.46680076,450.8415,450.8415,-0.514352244,-0.491718961,1.996177322,1.663158703,226.517975,23.68619025,53.40185579,62.43121349,0.949048101,0.928430729
d9h14,273.1043211,20.45119466,300.5883,26.26258,152.8030452,12.99565687,475.047,475.047,-0.400212854,-0.449620428,1.866587291,1.568190904,254.53865,25.099046,55.95043115,63.5447322,0.954898398,0.939285754
d9h15,278.3596399,20.93566338,315.2724,26.59502,150.6691333,13.22231765,473.6231,473.6231,-0.450341847,-0.482350756,1.926711332,1.600784042,255.063225,25.43148825,54.12750691,63.15690797,0.952166844,0.939463478
d9h16,286.3011953,21.80327831,313.2157,27.92477,161.7717177,14.02324736,494.9809,494.9809,-0.387898448,-0.441798619,1.795223476,1.554574316,286.57945,26.7612405,56.50403154,64.31715067,0.947080659,0.943618143
d9h17,282.2421146,21.45583504,309.7878,27.92477,163.8432966,14.46906424,499.2524,499.2524,-0.373029999,-0.377412517,1.762413809,1.482660188,294.15735,29.0051975,58.0506197,67.43650019,0.94964549,0.949861369
d9h18,288.8277532,21.8046224,307.73105,27.75855,170.9651096,14.57595341,519.6544,519.6544,-0.332927045,-0.391319097,1.73175937,1.476517148,313.6909,28.8389735,59.19275682,66.84799738,0.954111556,0.950118578
d9h19,295.7513493,22.31507092,322.8137,28.25721,175.5547664,14.77891849,516.7372,516.7372,-0.329554461,-0.369956554,1.703062032,1.491993234,327.2397,29.254524,59.35890632,66.22841821,0.94905513,0.955141694
d9h20,293.8176722,22.63224497,306.3599,28.25721,174.8399583,15.0298892,518.1958,518.1958,-0.331645028,-0.384767933,1.683631431,1.466786336,321.597725,29.8362855,59.50627715,66.40918397,0.939232857,0.950244232
d9h21,302.653468,23.10946121,307.7311,28.58965,180.9208271,15.49375344,537.1574,537.1574,-0.297377305,-0.348935767,1.637126551,1.448384121,347.53855,30.750496,59.77821046,67.04506565,0.936483026,0.956079813
d9h22,331.8209242,26.12989354,357.0926,31.91402,193.5814805,14.36297298,559.0361,559.0361,-0.378190703,-0.448639559,1.654401757,1.656511031,349.7955,26.26259,58.33914209,54.96759089,0.889872888,0.927250596
d9h23,490.6034942,39.97191885,516.7372,38.56278,154.0955645,17.23432316,704.6995,704.6995,-0.892490055,-0.623863778,3.430829747,2.785284081,220.05945,23.27064,31.40938993,43.11607662,-0.03272868,0.359560525
d10h1,243.3767797,15.5276836,289.3836,17.95164,104.9675477,8.496354077,361.206,361.206,-1.116307303,-0.690723667,2.909966095,2.146532634,128.18445,12.965074,43.12964771,54.71746008,0.768929504,0.784568667
d10h2,251.3870254,17.51780776,297.88885,21.60845,110.6692741,9.48135053,373.5464,373.5464,-1.028767628,-0.752945061,2.749220866,2.10008891,144.6703,15.04280925,44.02346299,54.12406998,0.833478239,0.828835147
d10h3,258.3827599,18.38611219,300.91815,22.93821,118.2736431,10.30647673,383.1445,383.1445,-0.90682891,-0.680529909,2.50181776,1.921568213,172.0294,17.8685315,45.77458771,56.05576981,0.858097581,0.858281174
d10h4,252.7418432,17.94349111,291.08465,21.442235,122.5421387,10.66414957,390.0002,390.0002,-0.798696877,-0.555201633,2.316036468,1.775339942,192.0577,19.78004275,48.4851013,59.43185475,0.878039902,0.874461007
d10h5,253.8371443,17.71090875,292.7857,20.61114,123.2446073,10.52712955,396.856,396.856,-0.772617298,-0.552631001,2.335273354,1.825140288,189.69165,18.782735,48.55262915,59.43867534,0.896208173,0.879702761
d10h6,252.4799744,17.67433739,292.7857,21.27602,130.5588784,11.00403258,410.9737,410.9737,-0.652936406,-0.500726338,2.117646329,1.706647711,219.4733,21.276015,51.71058764,62.25994415,0.911525188,0.895373745
d10h7,255.8576664,17.8189916,291.6516,21.60845,131.4491808,10.82851064,428.0599,428.0599,-0.618139722,-0.539878543,2.131595223,1.754896347,212.4346,20.4449205,51.37590077,60.76949182,0.934722514,0.905462022
d10h8,253.9613379,17.81312365,295.0538,21.77467,128.4406218,10.98667619,409.5498,409.5498,-0.670840443,-0.531815262,2.181162076,1.745937851,203.678975,20.3618085,50.57487208,61.67742621,0.920366825,0.898900541
d10h9,249.6206307,17.47127444,288.2495,20.61114,134.0753066,11.30466102,418.0929,418.0929,-0.569378485,-0.420853665,2.042462605,1.631157549,221.7159,21.94089,53.71162883,64.70427251,0.931957813,0.905896323
d10h10,257.2090785,18.71687292,296.1878,22.43955,135.8555023,11.88375694,420.9406,420.9406,-0.593260398,-0.493170997,2.020742615,1.647607486,229.5406,22.938205,52.81909297,63.49221362,0.906226001,0.906048719
d10h11,258.362271,18.11181407,297.32185,23.7693,140.13952,11.76947374,420.9406,420.9406,-0.624171921,-0.487934464,1.983591263,1.576238242,233.6191,23.3537555,54.24148019,64.98230211,0.909360684,0.910211456
d10h12,239.9751072,17.21721611,270.105,22.27333,153.2789003,12.73925221,430.9076,430.9076,-0.390880295,-0.288368668,1.648720909,1.362723966,299.56283,27.924771,63.87283332,73.99135916,0.937342805,0.933087112
d10h13,246.261813,17.83430817,299.6656,24.10174,144.0314312,12.28808544,412.3975,412.3975,-0.584404796,-0.429142678,1.80070014,1.463817784,261.617075,24.849727,58.48711557,68.90138557,0.907905679,0.925432455
d10h14,262.0300404,19.01955905,316.64355,25.76393,132.5406204,11.95050567,406.7021,406.7021,-0.799346057,-0.579401703,2.19922198,1.643250927,199.259175,22.5226635,50.58222342,62.83271679,0.847051277,0.905517977
d10h15,260.3361471,18.93616641,312.5301,25.93015,138.5644126,11.98943172,413.8214,413.8214,-0.704571253,-0.557061784,2.048892101,1.627198629,223.902025,22.93821,53.22519143,63.31498923,0.842159282,0.904362579
d10h16,272.0361141,20.49595423,300.8753,25.26527,165.784276,14.40036423,512.3615,512.3615,-0.324695132,-0.298810103,1.725213467,1.433815519,298.536475,28.67275325,60.94201006,70.25954521,0.93762436,0.933205116
d10h17,278.8600728,20.69168752,299.5899,25.93015,168.7456814,14.56497494,500.6928,500.6928,-0.358041359,-0.303816493,1.729518428,1.422725262,312.4766,28.922081,60.51267208,70.39046443,0.940550996,0.937814885
d10h18,275.9841646,21.12315462,300.35115,26.262585,160.9940476,14.31686682,506.5271,506.5271,-0.408308558,-0.363850798,1.807813406,1.496198328,281.858975,28.090989,58.3345236,67.77807139,0.923327699,0.92457333
d10h19,280.5913014,21.03291244,300.8753,27.2599,167.1211255,14.57868246,525.4887,525.4887,-0.359611522,-0.321573665,1.762897458,1.443497335,293.9041,29.4207425,59.5603373,69.31366494,0.937558553,0.93639414
d10h20,285.9429597,21.66507048,297.3218,26.59502,173.7482049,15.19905059,524.0301,524.0301,-0.349174511,-0.294380712,1.692586761,1.424928958,319.142,30.584274,60.76323931,70.15463255,0.925511095,0.939150875
d10h21,292.082021,23.07919487,308.41665,28.42343,168.9705375,15.5015588,525.4887,525.4887,-0.35111185,-0.345106597,1.778813916,1.503726075,289.15585,30.750496,57.85037263,67.16680927,0.917442226,0.926167167
d10h22,300.1666699,23.54184181,314.5868,28.42343,179.1042859,16.06499209,544.4503,544.4503,-0.291143875,-0.303379375,1.673850311,1.454633514,323.7023,31.49847525,59.66827894,68.24016667,0.928031182,0.937492808
d10h23,265.6228877,24.12531904,245.1562,27.92477,220.4849468,15.80277917,592.5835,592.5835,0.117827574,-0.262095794,1.423898933,1.570443949,498.13693,30.251841,83.00675769,65.50288163,0.877691336,0.841718377
d11h1,235.4643704,15.98016721,280.3113,18.94895,117.4829629,9.849447685,390.0002,390.0002,-0.780027474,-0.453967016,2.336816233,1.820682223,163.2561,17.619203,49.89415713,61.6354482,0.89431566,0.869273433
d11h2,247.6087788,17.97669726,291.6516,21.94089,120.8314177,11.02176055,392.7425,392.7425,-0.809360071,-0.521933459,2.377922088,1.742031726,173.1157,20.1124805,48.79932701,61.31137655,0.92047378,0.878507279
d11h3,247.916214,18.10699982,291.6516,22.27333,125.8867164,11.0894545,405.2783,405.2783,-0.719689951,-0.539759839,2.173532361,1.741589907,204.4546,20.278702,50.77792791,61.24401947,0.923422245,0.892013951
d11h4,244.4466293,17.84082651,291.6516,21.60845,123.6138321,11.12034549,388.6291,388.6291,-0.751964995,-0.517794784,2.20464187,1.707431571,200.7769,20.611139,50.56884296,62.33088747,0.931574886,0.897671416
d11h5,244.2092777,17.83861043,287.6825,21.60845,124.2613687,11.13913633,391.3714,391.3714,-0.733701054,-0.480667486,2.18586125,1.712417763,196.1027,20.6942465,50.88314821,62.44396879,0.925080141,0.893974946
d11h6,240.2097703,17.4878482,288.2495,20.94358,126.6105454,11.18229757,392.7425,392.7425,-0.682407716,-0.455738507,2.074650591,1.679143613,211.7402,20.943583,52.70832459,63.9432447,0.933667505,0.901834108
d11h7,247.6329692,18.50460502,285.9815,21.94089,126.0409127,11.41381163,401.0067,401.0067,-0.697614281,-0.540329365,2.135551302,1.721032284,203.830025,21.69156675,50.89827621,61.68092545,0.927078899,0.902567608
d11h8,246.157605,18.24677904,290.5176,22.27333,128.9154606,11.38560491,413.8214,413.8214,-0.633268939,-0.499336037,2.08112466,1.722351988,209.3756,20.611142,52.37110616,62.39788889,0.939246069,0.91245204
d11h9,239.5533299,17.53489901,288.2495,21.94089,129.259323,11.30451879,416.6691,416.6691,-0.599902512,-0.491842926,2.028558406,1.638507375,197.7788,21.608458,53.95847475,64.46868491,0.937358201,0.917489415
d11h10,241.2286719,17.97002276,285.9815,23.27064,139.8728413,12.22549903,429.4837,429.4837,-0.488861285,-0.376226121,1.84586004,1.527306366,240.5226,24.600399,57.98350594,68.03274093,0.9532022,0.936117516
d11h11,256.8156958,19.56193493,295.0538,23.93552,134.6507371,12.07736815,428.0599,428.0599,-0.566499746,-0.510188989,2.006142975,1.692356624,221.7159,22.605772,52.43088303,61.73912854,0.942023069,0.92301155
d11h12,252.803833,19.07876118,287.1155,23.60308,140.3436243,12.30705134,443.7222,443.7222,-0.497157778,-0.441167794,1.900436265,1.599649849,232.493425,23.436866,55.51483244,64.50655375,0.942121725,0.929738647
d11h13,260.1336943,19.91575215,298.4559,25.26527,137.4642385,12.33180524,446.5699,446.5699,-0.497842989,-0.488642716,2.008345177,1.668458157,222.96515,23.1044205,52.84368827,61.91985694,0.951461296,0.927518341
d11h14,265.7834444,19.77220619,303.6176,24.600395,146.4511532,12.87275437,455.1131,455.1131,-0.47871133,-0.424541296,1.910529024,1.583430739,240.912125,25.34838,55.10168385,65.10530106,0.947208695,0.928175873
d11h15,274.4859039,20.5003285,315.958,25.93015,152.5984116,13.4803745,470.7754,470.7754,-0.470101533,-0.425085219,1.837076734,1.54570252,263.8784,26.262583,55.59426167,65.75687066,0.947411549,0.944331102
d11h16,283.1931964,21.48379005,299.0229,27.426115,162.7064344,14.29086074,507.9857,507.9857,-0.329180857,-0.367890225,1.814132906,1.536551019,277.4403,28.257213,57.45421729,66.51927202,0.962769725,0.947571696
d11h17,288.5268606,22.04506611,311.8445,28.58965,167.7740698,14.72440138,499.2524,499.2524,-0.36219759,-0.35318743,1.753024907,1.512219949,294.1706,28.922085,58.14850979,66.7922759,0.957364797,0.950371323
d11h18,285.5823561,21.6615837,310.4734,27.2599,167.2314647,14.70154216,505.0685,505.0685,-0.346974127,-0.349047397,1.748824166,1.487209941,289.81015,29.0883,58.55805204,67.86919349,0.958356027,0.950635271
d11h19,287.0561569,22.22020048,303.6176,28.25721,169.3476991,14.9585367,513.82,513.82,-0.329810396,-0.351760298,1.738536519,1.493159669,295.6124,29.2545225,58.99462355,67.31953977,0.951957473,0.945477362
d11h20,295.0364994,22.506333,313.90125,27.2599,176.9305103,15.58032796,531.323,531.323,-0.298795955,-0.295782885,1.705426607,1.465258589,314.2828,30.99982225,59.96902441,69.22641715,0.961484594,0.955073907
d11h21,302.4542045,21.95390075,311.15895,26.096365,177.0560125,15.75039099,524.0301,524.0301,-0.306663647,-0.260117718,1.655553838,1.406933651,345.15375,32.99445025,58.53977556,71.74301812,0.941889329,0.943297704
d11h22,287.2612071,24.94904841,276.9092,27.09368,195.8901792,16.43262927,541.5331,541.5331,-0.154107652,-0.23439169,1.521910891,1.502974013,385.565525,31.914025,68.192354,65.86475367,0.918347463,0.920329975
d11h23,441.113527,50.53606442,502.1514,57.51173,164.6870334,22.20782013,726.5717,726.5717,-0.828885088,-1.053437711,2.979661395,3.121604599,240.2484,21.94089,37.33438748,43.94449862,0.449231647,0.725049476
d12h1,249.9176075,16.2470807,297.88885,19.61383,125.7889899,10.00340147,413.8214,413.8214,-0.780575086,-0.493142071,2.268321915,1.84824542,180.86755,16.45567075,50.33218393,61.57045475,0.88087168,0.857767497
d12h2,265.1876507,19.00704829,312.5301,22.93821,142.7530364,12.08113644,453.6892,453.6892,-0.590326764,-0.430536658,1.979193148,1.665255813,239.75885,22.5226555,53.83095177,63.56134974,0.900022754,0.887106509
d12h3,266.9599192,18.59543306,309.1022,23.27064,142.4846353,11.6696828,435.1791,435.1791,-0.621488251,-0.503859119,1.990946869,1.682628544,246.6465,21.608457,53.37304407,62.75563876,0.928206251,0.891557716
d12h4,268.2590417,18.98910168,309.1022,23.60308,145.7345849,12.13036279,452.2653,452.2653,-0.584695965,-0.462540975,1.944371847,1.622136667,254.1849,24.1017415,54.32606632,63.88065636,0.921493449,0.8974474
d12h5,265.6409441,18.71720499,318.0147,23.104425,146.1554462,11.94820225,446.5699,446.5699,-0.560417742,-0.457526828,1.916995577,1.618370198,257.137275,23.1044245,55.01992424,63.83539775,0.934505029,0.900627463
d12h6,259.5875407,18.24272066,304.9888,21.60845,144.7903095,11.80668884,439.4507,439.4507,-0.523524244,-0.417732803,1.877975558,1.610079395,260.7239,22.938203,55.77706431,64.72000017,0.928516276,0.908299342
d12h7,250.5471856,17.58534214,292.7857,21.77467,148.7756677,12.01212587,440.8745,440.8745,-0.46206637,-0.376556441,1.784647756,1.514832513,268.31895,24.6835085,59.3802989,68.307604,0.924282916,0.905758804
d12h8,269.0728801,18.88775739,309.1022,22.60577,137.0094776,11.39782117,433.7553,433.7553,-0.65218318,-0.531136413,2.143177706,1.763606687,221.5999,20.943576,50.91909579,60.34502104,0.92278795,0.8943206
d12h9,267.9550223,19.14710477,313.2157,23.93552,137.598292,11.48636672,442.2984,442.2984,-0.628778201,-0.540077718,2.066208758,1.723781695,232.31635,21.608453,51.3512644,59.99009699,0.921186949,0.898559669
d12h10,276.620857,19.43620179,310.47335,24.26796,143.2121573,11.86530491,456.5369,456.5369,-0.572978654,-0.544503602,2.049831699,1.72229816,232.134575,22.43955275,51.77200261,61.04744661,0.937391904,0.909538959
d12h11,268.8758075,18.93442825,301.72235,22.93821,141.4088937,11.81805038,449.4176,449.4176,-0.59346577,-0.47786155,2.033092015,1.67116036,226.613875,21.940892,52.59264305,62.41567067,0.909810295,0.88681091
d12h12,268.621593,19.19242804,303.6176,23.27064,150.0773657,12.68381936,460.8085,460.8085,-0.476730094,-0.399118505,1.885400687,1.540572293,260.4256,24.93283,55.86943477,66.08762233,0.928835042,0.910168645
d12h13,286.8182134,20.8401891,320.0714,25.93015,155.419246,13.1385883,486.4378,486.4378,-0.462033974,-0.465494218,1.865728074,1.611156801,269.8402,24.932832,54.18736981,63.04447738,0.934908679,0.914474537
d12h14,287.518494,21.05337481,302.9749,25.93015,167.1898307,14.18766896,509.4443,509.4443,-0.35820704,-0.365379,1.76310761,1.494864381,300.186575,28.09098925,58.14924402,67.38904852,0.945430929,0.933281637
d12h15,283.2058397,20.84903239,315.95795,26.262585,160.1510656,14.15248526,486.4378,486.4378,-0.489169288,-0.370683974,1.855290615,1.486494817,280.092325,28.423427,56.54935145,67.88077738,0.921188858,0.913883098
d12h16,295.5241967,22.11688841,310.4734,26.92746,173.6790338,15.0557816,526.9473,526.9473,-0.344787204,-0.328058254,1.759420956,1.488382837,297.5345,29.586965,58.7698184,68.07368797,0.948026294,0.933397265
d12h17,285.4019262,21.42055493,302.932,25.76393,181.2207851,15.46458714,528.4059,528.4059,-0.264410526,-0.250238712,1.638855337,1.398129333,342.564775,31.4153695,63.49669307,72.19508174,0.950910842,0.938741967
d12h18,293.8855203,22.56605158,292.7857,26.4288,182.1667699,15.83005443,541.5331,541.5331,-0.264965148,-0.27013513,1.662174679,1.430376229,330.12345,32.1633485,61.98562275,70.14986372,0.94784417,0.936721758
d12h19,284.9398111,21.86234132,284.8474,25.26527,186.7545806,16.11901603,544.4503,544.4503,-0.211267373,-0.189313404,1.613661979,1.384086878,356.6256,32.911341,65.54176473,73.72959644,0.95219181,0.943138094
d12h20,307.0253373,23.8541927,304.9888,27.92477,194.9827874,16.62511234,567.7876,567.7876,-0.223943308,-0.240632537,1.623411795,1.426952617,369.493,32.578897,63.50706723,69.69471803,0.952496495,0.942340992
d12h21,276.1942451,28.33603494,263.3008,36.23572,224.1644724,18.19555941,606.0321,606.0321,0.104303352,-0.28184093,1.42726378,1.578977205,502.63311,33.4099985,81.16189108,64.21349864,0.833665026,0.778735745
d13h1,252.4978057,15.99670659,293.9197,18.61651,122.9974267,9.760350577,430.9076,430.9076,-0.802808343,-0.47419412,2.399747157,1.877427858,171.3669,17.286759,48.71227549,61.01475026,0.862382667,0.844388597
d13h2,267.5945215,17.75348674,313.2157,22.93821,137.9435875,10.89334643,439.4507,439.4507,-0.674131059,-0.569214236,2.092302867,1.703049762,220.35075,20.112488,51.54948118,61.35891269,0.895223676,0.890234739
d13h3,264.1330914,17.80023162,311.15895,21.77467,134.9872103,10.84080201,423.7883,423.7883,-0.654955806,-0.529121936,2.115274775,1.74294752,220.84895,19.613824,51.10575491,60.90258961,0.896029683,0.882703287
d13h4,262.4902434,17.43772588,306.3599,22.27333,140.3012367,11.14648358,435.1791,435.1791,-0.635893572,-0.501828919,1.995354223,1.636509169,245.21145,21.27602,53.45007681,63.92165847,0.91834192,0.900962021
d13h5,260.5660485,17.59163362,304.9888,22.27333,134.8638177,11.03361106,416.6691,416.6691,-0.668171524,-0.525328299,2.095700424,1.69598882,217.1088,21.276013,51.75801623,62.72078702,0.894702516,0.885303071
d13h6,263.1607392,17.4797399,302.2464,21.27602,136.7291568,10.97765162,429.4837,429.4837,-0.642915102,-0.513817747,2.085738957,1.696719947,221.8438,20.611145,51.95651798,62.80214512,0.914764785,0.897455678
d13h7,265.6300439,17.79682763,306.3599,22.60577,135.7982222,11.00086774,432.3314,432.3314,-0.690935539,-0.548493878,2.097544145,1.708039046,220.131425,20.0293765,51.12306584,61.81364435,0.903440126,0.890383974
d13h8,265.7794737,17.74305102,313.2157,22.43955,136.1155649,11.07418537,443.7222,443.7222,-0.671774735,-0.53792436,2.107598273,1.694748559,218.60335,20.4449245,51.21372353,62.41421135,0.912649088,0.900277744
d13h9,271.8077131,18.15341696,315.958,22.27333,136.1004098,11.05614097,433.7553,433.7553,-0.676328974,-0.571905553,2.13916403,1.74161182,228.2058,20.278699,50.07231334,60.90391133,0.911025351,0.894026886
d13h10,264.5844968,17.78460945,303.6176,22.60577,134.0676986,11.08449902,433.7553,433.7553,-0.682546137,-0.545410685,2.124552406,1.701031145,212.6235,20.611145,50.67103334,62.32635612,0.914035757,0.897356915
d13h11,268.5549881,18.19936894,311.15895,22.60577,144.5862818,11.66649287,447.9938,447.9938,-0.566372929,-0.493282096,1.948766033,1.622359779,256.01595,22.77199175,53.83861339,64.10383188,0.922605348,0.916858474
d13h12,270.0732743,18.32764867,309.7878,22.43955,138.9532484,11.45193846,460.8085,460.8085,-0.622610389,-0.539864695,2.059956659,1.689477718,230.16665,21.8577855,51.45020318,62.48449361,0.926723552,0.907780883
d13h13,267.6985273,18.2935749,306.35995,23.104425,143.7458487,11.73737377,456.5369,456.5369,-0.552526218,-0.504040002,1.944429759,1.624589713,243.15765,23.02131775,53.69691427,64.16118133,0.919827866,0.908097749
d13h14,269.2484146,18.69962425,305.67435,23.27064,142.5667259,11.72482058,446.5699,446.5699,-0.559355413,-0.520728905,1.982425935,1.657939672,247.56165,23.02131225,52.94988501,62.70083517,0.913953476,0.903809272
d13h15,272.5252421,18.71036079,310.4734,23.60308,145.9082662,11.96297131,457.9608,457.9608,-0.556752253,-0.508478272,1.946904115,1.607925976,251.7576,23.60308,53.53935843,63.93768374,0.918670549,0.912847732
d13h16,269.3794807,18.35992449,315.95795,23.7693,138.0714885,11.46705855,428.0599,428.0599,-0.667983222,-0.548830879,2.0869469,1.673081356,227.0845,21.608455,51.25538446,62.45700279,0.903654325,0.8981677
d13h17,260.7312229,18.36191613,309.1022,22.60577,132.8796285,11.27718284,425.2122,425.2122,-0.665961704,-0.537814881,2.13354068,1.727990004,211.874,20.611142,50.96421786,61.41615484,0.906773751,0.888477295
d13h18,272.1026339,18.73593395,311.8445,22.60577,140.1997732,11.56576322,456.5369,456.5369,-0.616777334,-0.526259366,2.098639329,1.716796126,224.031425,21.1929125,51.52459246,61.73037999,0.906900565,0.89034064
d13h19,271.8571909,18.71560642,311.8445,23.60308,144.8206817,11.81862315,456.5369,456.5369,-0.588141127,-0.520367554,2.008768026,1.662246653,238.206225,23.0213145,53.27086666,63.14849159,0.920476123,0.902559713
d13h20,267.5783171,18.55258443,318.7003,22.93821,139.7830694,11.71961287,433.7553,433.7553,-0.618264826,-0.524642638,2.007233536,1.656069306,234.93515,22.0240045,52.2400585,63.16970508,0.8977414,0.898523408
d13h21,273.0768381,18.96180027,313.2157,24.26796,142.6978906,11.89351261,445.1461,445.1461,-0.625394205,-0.5187789,2.041888757,1.665951799,238.25745,21.7746705,52.25558182,62.72354127,0.905859922,0.903187729
d13h22,269.5372584,18.80782325,300.2326,23.27064,150.4157656,12.18465736,460.8085,460.8085,-0.489963288,-0.464891438,1.89140519,1.598314006,260.75935,23.1044245,55.80518496,64.7850482,0.9233483,0.911427159
d13h23,263.2459074,18.46876486,298.45585,22.93821,150.6663793,12.37320328,455.1131,455.1131,-0.474287223,-0.421044502,1.847354944,1.528027545,269.4273,24.76661275,57.23408229,66.99529382,0.930294523,0.915034716
d13h24,266.3570413,18.74137418,303.6176,23.60308,147.6925513,12.3065941,462.2323,462.2323,-0.506468832,-0.450877436,1.889700729,1.557135205,254.214,24.600398,55.44908839,65.66537745,0.931196904,0.916047405
d13h25,271.1889442,19.18389647,313.90125,24.267955,141.9525289,12.02408384,436.603,436.603,-0.619164762,-0.522566836,2.01171449,1.641274757,239.3565,22.6888765,52.3445118,62.67800632,0.910746415,0.908250662
d13h26,267.5842218,18.94422586,310.4734,24.26796,143.8193955,12.13181943,447.9938,447.9938,-0.576307713,-0.483401724,1.97843512,1.603918741,241.7442,23.4368625,53.74733775,64.03966844,0.926080936,0.913132259
d13h27,269.4143983,19.08851336,299.6656,23.7693,148.3136693,12.31957011,452.2653,452.2653,-0.515945789,-0.464031137,1.907710854,1.601221247,245.586225,24.01863225,55.05038715,64.53918058,0.926018522,0.913510255
d13h28,264.6522617,18.69288508,291.6516,23.93552,157.5430855,13.06547331,460.8085,460.8085,-0.426872019,-0.356956072,1.749706042,1.443179912,287.01655,26.927455,59.52833522,69.89543486,0.926067856,0.926201666
d13h29,271.259787,19.44051899,317.3291,25.59771,145.3456981,12.41205522,449.4176,449.4176,-0.56622194,-0.494862457,1.951269494,1.596975693,248.65175,23.436866,53.58173423,63.84631619,0.91209488,0.915356315
d13h30,269.5309349,19.01877971,295.0538,24.26796,152.977937,12.88195776,470.7754,470.7754,-0.453057891,-0.394823686,1.84405048,1.490351991,261.39565,25.7639225,56.75709803,67.73283018,0.9422427,0.928150799
d13h31,274.9644135,19.23888663,298.4559,24.93283,157.6591829,12.95150561,486.4378,486.4378,-0.400953144,-0.405199367,1.819842673,1.501931985,272.4214,25.763925,57.33803183,67.31941332,0.949260393,0.932391895
d13h32,271.2866782,19.25157511,300.8753,25.59771,160.7383751,13.27533335,485.0139,485.0139,-0.400716616,-0.369532668,1.772991699,1.451225952,285.5747,26.595021,59.25037536,68.95712828,0.940903048,0.931518402
d13h33,287.5177948,20.58929055,318.7003,26.92746,158.0229619,13.19240596,479.3185,479.3185,-0.472334081,-0.461884999,1.873558011,1.576850935,282.3524,25.597707,54.96110668,64.07411625,0.933329394,0.923157607
d13h34,278.6285235,19.55866987,298.4559,23.93552,165.978018,13.49643689,497.8286,497.8286,-0.36766937,-0.345468478,1.749130552,1.455775605,309.32635,27.2598925,59.56964344,69.00488111,0.944362855,0.936742798
d13h35,288.0122299,19.85003357,300.2326,24.434175,177.7266556,14.04677258,521.113,521.113,-0.289544654,-0.305904281,1.66346148,1.405220577,337.3808,29.3376285,61.70802388,70.76447769,0.948741064,0.941800503
d13h36,292.6538503,20.42096254,313.90125,26.262585,170.0982003,13.7854535,513.82,513.82,-0.39002566,-0.381751224,1.730945346,1.467402115,312.613975,27.5092285,58.1226593,67.50638452,0.940685511,0.936490416
d13h37,278.1631911,19.48229805,292.21865,24.267955,171.6139382,13.91233354,502.1514,502.1514,-0.324998721,-0.302398117,1.674566765,1.398559316,322.795275,28.5065375,61.69541612,71.41012577,0.949549038,0.940013184
d13h38,276.891859,19.92654455,289.9506,24.60039,179.549596,14.62814809,519.6544,519.6544,-0.261149673,-0.252200808,1.598300201,1.356868402,352.4021375,30.91671,64.84466414,73.41035998,0.948019696,0.944099136
d13h39,293.3918959,20.81526954,306.3599,26.59502,178.2953101,14.51405872,528.4059,528.4059,-0.324836964,-0.329656627,1.663529736,1.413651623,333.56725,29.586961,60.77035959,69.72794028,0.947055373,0.941341132
d13h40,276.6428955,19.74735919,287.1155,23.60308,182.9759736,14.78748269,519.6544,519.6544,-0.228735575,-0.224656813,1.566608425,1.335307604,363.451715,31.747808,66.14157694,74.88334285,0.945682766,0.947667981
d13h41,304.8209134,21.72622373,313.2157,27.92477,180.245061,14.69430667,534.2402,534.2402,-0.334830979,-0.373067153,1.693472622,1.447716993,328.7968,29.4207415,59.1314615,67.63396555,0.939934221,0.939533761
d13h42,290.3091337,20.97034294,296.1878,25.43149,187.3232695,15.06302638,531.323,531.323,-0.244207471,-0.260902107,1.59287851,1.367228727,371.589225,31.581589,64.52544813,71.83013853,0.946824317,0.945396029
d13h43,287.096725,20.61384387,280.3113,22.77199,197.8150678,15.77588538,547.3675,547.3675,-0.141912907,-0.166538097,1.530229628,1.312940435,411.9079975,34.1579765,68.90188935,76.53053689,0.948116773,0.950998452
d13h44,312.1460877,22.51445406,300.8753,26.26258,196.3215852,15.71380749,559.0361,559.0361,-0.242650707,-0.276920527,1.586900414,1.389796558,383.0977,31.91402,62.8941361,69.79430836,0.945785161,0.951624722
d13h45,281.2314309,26.51900247,265.5689,33.90865,230.7186018,16.45015609,612.1948,612.1948,0.067128498,-0.443516236,1.371225654,1.577193879,526.63947,30.916707,82.03869714,62.03157945,0.836089824,0.757935119
d14h1,249.8262565,15.99593199,298.4559,18.94895,127.8065967,9.791052229,410.9737,410.9737,-0.779541649,-0.548642153,2.232377922,1.826444202,191.0568,16.289449,51.15819231,61.20963904,0.853572132,0.848507838
d14h2,267.334279,18.44371297,303.6176,22.27333,130.4538294,11.07279792,436.603,436.603,-0.705253529,-0.506186533,2.382989127,1.783175182,175.211875,19.53071875,48.79801791,60.03562262,0.885614855,0.853830767
d14h3,266.3168983,18.64643438,301.56085,22.60577,132.043469,11.09181025,435.1791,435.1791,-0.660243485,-0.550491442,2.245415847,1.825123694,202.9994,20.278706,49.58133329,59.48488612,0.891837548,0.878841011
d14h4,264.1884952,18.39595482,299.6656,21.94089,142.8371687,11.55944253,452.2653,452.2653,-0.551100374,-0.489984402,2.015767719,1.685423784,231.566825,22.107116,54.06638492,62.83687172,0.915835583,0.898232663
d14h5,252.6036942,17.4255335,291.6516,20.94358,147.9684604,12.08756859,442.2984,442.2984,-0.471598049,-0.333817428,1.821685658,1.513617637,254.23705,24.766616,58.5773145,69.36699292,0.920433291,0.913030508
d14h6,261.4868823,18.34993738,300.35115,22.60577,146.477189,11.96197404,445.1461,445.1461,-0.515395446,-0.457291378,1.900424965,1.602633047,252.1253,23.769297,56.01703142,65.18809189,0.919192425,0.904612805
d14h7,264.9067116,18.69604556,300.8753,22.60577,142.845326,11.92929619,439.4507,439.4507,-0.572961916,-0.471256343,1.973367916,1.621181587,248.1397,23.60308,53.92287917,63.80652075,0.916003316,0.911832441
d14h8,255.811019,18.2078595,300.8753,21.94089,134.3522517,11.35882813,436.603,436.603,-0.589784747,-0.471211449,2.082248294,1.750277164,202.1481,20.611139,52.52011904,62.38420357,0.897493042,0.88349003
d14h9,257.7650383,18.01021171,297.88885,21.94089,139.9508028,11.59511155,446.5699,446.5699,-0.546759336,-0.433341488,2.023081756,1.662146755,226.950775,22.1902235,54.29394293,64.38076205,0.921165013,0.903479948
d14h10,259.8739474,18.32031386,302.2464,22.93821,142.5834908,11.79993463,447.9938,447.9938,-0.54900573,-0.460033146,1.960110515,1.62404472,238.54165,22.7719895,54.86640435,64.40902005,0.92448004,0.907345128
d14h11,258.4004243,18.29983199,293.9197,22.60577,141.1124212,11.88753652,440.8745,440.8745,-0.542740584,-0.437356738,1.976523475,1.620164426,234.739,23.104429,54.60998044,64.95981234,0.919595123,0.910210954
d14h12,254.9633134,17.97538455,301.60375,21.94089,136.6746824,11.53378206,438.0268,438.0268,-0.608406948,-0.479026101,2.028099757,1.643771376,223.42845,21.85778075,53.60562685,64.16431332,0.923082435,0.904692777
d14h13,254.7578924,17.88392046,295.0538,21.60845,145.9523731,11.95850082,450.8415,450.8415,-0.489840613,-0.386982742,1.892125603,1.563299627,240.59095,23.3537555,57.29061883,66.86733395,0.939527647,0.921391134
d14h14,256.8166663,18.04996569,297.3218,22.60577,143.2839371,11.89072599,443.7222,443.7222,-0.525203729,-0.437529999,1.922129278,1.560636348,241.1561,23.603084,55.79230475,65.87672346,0.926333165,0.91194457
d14h15,261.2630651,18.30455898,296.1878,22.60577,142.936442,11.90931256,445.1461,445.1461,-0.519369855,-0.444601024,1.964577229,1.606826333,233.4318,23.270648,54.70977766,65.06200217,0.939114869,0.920658028
d14h16,256.5378121,17.92724,302.24645,22.60577,149.5430608,12.24337928,447.9938,447.9938,-0.46584934,-0.396573517,1.824813058,1.495511329,251.308925,24.932829,58.29279496,68.29483669,0.939631062,0.924786792
d14h17,246.4351173,17.29574843,288.2495,21.94089,147.3933268,11.98053521,440.8745,440.8745,-0.486811771,-0.367185106,1.790127699,1.489534383,266.38415,24.84972275,59.81019604,69.2686718,0.932373475,0.915092993
d14h18,264.14742,18.62905963,302.932,23.104425,147.011432,11.95010254,452.2653,452.2653,-0.526890177,-0.472865127,1.938817103,1.625383555,255.025925,23.35375225,55.65507017,64.14764235,0.925799718,0.912361864
d14h19,252.8097387,17.71054668,288.24955,22.27333,154.0482906,12.37205332,460.8085,460.8085,-0.416136641,-0.346759597,1.76177466,1.474133383,282.807425,25.597705,60.9344764,69.85698154,0.937445109,0.923920057
d14h20,252.5735788,18.46859474,293.9197,22.93821,146.6491363,12.36018742,433.7553,433.7553,-0.472010788,-0.410112051,1.814455998,1.542953404,267.17005,24.7666145,58.06194656,66.9254353,0.911564988,0.909352451
d14h21,258.6251168,18.41276264,311.8445,23.27064,147.9306984,12.21959995,449.4176,449.4176,-0.515625619,-0.438107238,1.847389773,1.54404994,267.4518,24.600391,57.1988909,66.36483723,0.925834612,0.918202171
d14h22,254.0155607,18.20514203,293.9197,22.60577,148.4553734,12.22656625,443.7222,443.7222,-0.483017858,-0.408832522,1.826129384,1.52598099,266.0168,24.6003915,58.443417,67.15996076,0.929647278,0.916542302
d14h23,263.0471224,18.93341787,304.98875,24.26796,148.2370597,12.41708794,450.8415,450.8415,-0.520497007,-0.447428473,1.895479419,1.561014656,255.522675,24.7666165,56.35380396,65.58291812,0.924340865,0.915078817
d14h24,261.8905339,18.85419194,300.35115,24.26796,146.458091,12.14193658,436.603,436.603,-0.535133935,-0.479291824,1.883140061,1.584645333,260.847825,24.1848485,55.92340008,64.39913534,0.920082129,0.913266462
d14h25,271.5404057,19.22364284,313.2157,23.93552,151.4180722,12.469083,459.3846,459.3846,-0.507131805,-0.453667826,1.89460301,1.57269241,270.3925,24.932828,55.76263018,64.86326813,0.937090437,0.923478259
d14h26,267.4675578,18.94585995,304.9888,23.93552,153.2359411,12.50827809,472.1993,472.1993,-0.435158464,-0.442733604,1.865663254,1.555736314,257.31765,24.434178,57.29141221,66.02116832,0.943390223,0.923489726
d14h27,264.7211711,19.13398837,301.56085,24.26796,145.3913822,12.20940332,430.9076,430.9076,-0.552521218,-0.509132176,1.906147302,1.596544206,253.978025,24.26796,54.92246112,63.81002793,0.912382764,0.913215961
d14h28,274.6694652,19.72986742,300.8753,25.09905,152.3500036,12.69108813,475.047,475.047,-0.459541614,-0.44561014,1.891083072,1.58868434,259.597775,24.76661375,55.46666917,64.32424436,0.936238074,0.919460178
d14h29,270.5637116,19.23564171,293.9197,25.43149,156.9954904,12.90433632,469.3516,469.3516,-0.427858806,-0.413246333,1.795131614,1.498620855,281.876975,26.42880175,58.02533144,67.08555148,0.947509511,0.93077399
d14h30,267.5434894,19.34603058,292.21865,25.09905,152.0270647,12.74544932,453.6892,453.6892,-0.476934582,-0.449497658,1.816656645,1.537240901,272.1592,25.0159375,56.82330935,65.88146991,0.913680518,0.91984545
d14h31,278.8458103,19.75155207,308.41665,25.93015,150.295157,12.50661927,477.8947,477.8947,-0.484198326,-0.490645395,1.93804298,1.6248064,255.170175,23.8524055,53.89901927,63.31967853,0.932214913,0.916335748
d14h32,268.5212128,18.66765869,310.4734,23.60308,156.6055717,12.93156781,470.7754,470.7754,-0.450587591,-0.363792942,1.790351605,1.457424091,275.0915,26.595017,58.32148977,69.27257466,0.938348639,0.929865799
d14h33,265.5301635,19.35509809,295.0538,24.60039,154.538377,13.0613881,469.3516,469.3516,-0.448516136,-0.389522484,1.813441622,1.511667648,262.9666,25.930144,58.19993289,67.48293413,0.935085368,0.923874914
d14h34,285.8686874,20.49263277,324.87045,25.93015,159.1970052,13.24276854,496.4047,496.4047,-0.472868016,-0.441272649,1.88104486,1.577449661,266.59215,26.09636225,55.68885723,64.62209464,0.944194819,0.933792162
d14h35,285.4035228,20.17340642,311.8445,26.59502,166.1771705,13.65575631,505.0685,505.0685,-0.381038504,-0.382241823,1.794577636,1.490858153,287.4787,27.259896,58.22533963,67.69187129,0.956328239,0.941769577
d14h36,286.0633696,20.11990507,309.1022,25.43149,171.1816319,13.82792363,515.2786,515.2786,-0.352981328,-0.358570157,1.735393123,1.450658589,305.855525,27.84166475,59.84045848,68.72757891,0.955169534,0.944645575
d14h37,288.6237666,20.40355544,303.6176,25.93015,168.2239002,13.73454522,515.2786,515.2786,-0.381536753,-0.390510157,1.771746426,1.479036104,287.5675,27.592338,58.28483986,67.31447009,0.95201962,0.938637331
d14h38,292.7111458,20.77209517,317.3291,25.93015,171.7730155,13.92068224,519.6544,519.6544,-0.358134331,-0.389868184,1.757553414,1.482919417,295.5944,27.59233,58.68345569,67.01626452,0.954947155,0.942265936
d14h39,292.2490864,20.97053291,318.0147,27.09368,171.293398,14.04691434,512.3615,512.3615,-0.389692493,-0.399201121,1.728497593,1.480848402,305.655,28.174098,58.61212436,66.98405997,0.939540378,0.94253694
d14h40,284.301388,20.35717588,303.6176,25.26527,177.6133789,14.52182256,522.5715,522.5715,-0.324070712,-0.302921209,1.654534309,1.389459929,330.8714,29.919399,62.47362354,71.33515299,0.959962126,0.951167494
d14h41,300.4951206,21.51578366,319.38585,26.59502,182.9536056,14.8934992,548.826,548.826,-0.303698611,-0.329897287,1.69737871,1.431863293,328.72605,30.91671275,60.88405203,69.22127231,0.956731777,0.947595585
d14h42,303.5788749,21.87791927,310.4734,26.92746,183.8198033,15.01817587,548.826,548.826,-0.302478308,-0.338405514,1.677794309,1.433505108,331.87625,30.750497,60.55092054,68.64535737,0.955561421,0.948402884
d14h43,307.1333392,21.82727419,306.3599,25.59771,197.2415269,15.81577798,572.1634,572.1634,-0.204835861,-0.236804173,1.59809691,1.356061592,383.5539,32.578901,64.22016162,72.45878639,0.96439996,0.957800216
d14h44,366.3238043,37.89844385,383.14445,41.22228,193.925841,23.33686232,700.0126,700.0126,-0.255576274,-0.113787859,2.058733198,2.245324232,301.557375,35.32151,52.93836728,61.57736296,0.625278888,0.703770531
d14h45,0,0,0,0,0,0,0,0,NA,NA,NA,NA,0,0,NA,NA,NA,NA
